epoch,loss,accuracy
1,1.6604029909769693,94.47083333333333
2,1.512223239156935,96.25
3,1.501185151524014,96.18333333333334
4,1.4953011770248412,97.02916666666667
5,1.4909359335369534,97.225
6,1.4880230806138781,97.30416666666666
7,1.4865797384050157,97.0875
8,1.484602246178521,96.93333333333334
9,1.4832701466878255,97.37083333333334
10,1.4824232642915514,97.66666666666667
