epoch,loss,accuracy
1,1.6531516930262247,93.1375
2,1.5224830699496799,95.08333333333333
3,1.5076777552498712,95.61666666666666
4,1.5006857039133707,95.8875
5,1.4985109229617648,96.95416666666667
6,1.4932646849950155,96.75
7,1.4920510050455729,96.49166666666666
8,1.4909941787719727,97.20416666666667
9,1.4892181864844427,96.96666666666667
10,1.4873700210783216,97.35
