epoch,loss,accuracy
1,1.7088247543970745,89.70208333333333
2,1.5666532974243164,90.92291666666667
3,1.547905527750651,91.63333333333334
4,1.5361695772806803,91.98541666666667
5,1.5289361480077108,92.45
6,1.5216754662195842,92.75208333333333
7,1.5166068328221638,92.725
8,1.5122639255523682,93.27708333333334
9,1.5081484343210856,93.3625
10,1.5055352284113566,92.91875
