epoch,loss,accuracy
1,1.6271040461858113,90.85208333333334
2,1.5439359124501546,92.43958333333333
3,1.524352175394694,92.9875
4,1.5109717480341593,94.79583333333333
5,1.5033141562143961,94.59583333333333
6,1.496964910507202,94.725
7,1.49271644115448,94.96666666666667
8,1.4900300811131795,95.07291666666667
9,1.486031154314677,95.09583333333333
10,1.4869279588063558,95.27708333333334
